hcp_id,first_name,last_name,npi,specialty,email,phone,site_id,region,active_flag
HCP1000,Bianca,Lee,8263415718,Internal Medicine,alvaradojason@gmail.com,735-714-3217x8537,SITE28,South,N
HCP1001,Kristie,Allen,7693123862,Neurology,bryanmcdonald@gmail.com,954-663-6166,SITE2,South,Y
HCP1002,Adam,Marshall,2298166451,Oncology,watsonmichael@yahoo.com,001-206-241-2659,SITE16,South,N
HCP1003,Thomas,Jimenez,3736580802,Neurology,jonesbarbara@shah.com,+1-997-223-8721x24561,SITE3,East,Y
HCP1004,Brian,Pierce,8583748800,Endocrinology,leeerika@yahoo.com,424-736-1853,SITE3,West,N
HCP1005,Cody,Valdez,3812104401,Endocrinology,schultzmelissa@rios-williams.com,473.898.5502,SITE16,East,Y
HCP1006,Keith,Shelton,8135355747,Pediatrics,mcgeezachary@gmail.com,(125)150-7358,SITE26,West,N
HCP1007,Elizabeth,Pierce,4842667542,Endocrinology,erica43@yahoo.com,740.309.5770,SITE3,West,N
HCP1008,Joseph,Page,4083791600,Oncology,smithsara@hotmail.com,927-004-9119x758,SITE7,North,N
HCP1009,Jessica,Thomas,1791634701,Pediatrics,allenjay@hotmail.com,332-293-7203,SITE28,East,N
HCP1010,Paula,Mcmahon,3780751996,Neurology,cooksarah@ray.com,107-999-9146,SITE8,West,Y
HCP1011,Karen,Graves,4795023507,Neurology,phillipsjoe@carey.com,001-034-637-3362x927,SITE24,West,Y
HCP1012,Scott,Frost,8091273989,Neurology,markjohnson@fox-johnson.biz,(499)579-4074,SITE7,North,N
HCP1013,Christopher,Stanley,5889732185,Cardiology,dwilliams@smith.info,(126)745-3946x2287,SITE12,East,Y
HCP1014,Kenneth,Hall,2257314081,Oncology,marquezalex@burns.com,(573)271-6197,SITE19,South,Y
HCP1015,Connor,Weaver,6243959996,Neurology,emartin@hotmail.com,886.620.5910,SITE6,East,Y
HCP1016,George,Wilkins,9269864006,Endocrinology,allison93@hart.com,+1-371-927-7422,SITE13,East,N
HCP1017,Jacob,Porter,255818672,Endocrinology,hudsonharold@gmail.com,5024326335,SITE16,East,Y
HCP1018,Dylan,Frost,5731331922,Pediatrics,jeremy44@yahoo.com,622.061.8624x37793,SITE17,North,Y
HCP1019,David,Miller,3350414149,Cardiology,christinemason@hotmail.com,(095)912-3840x2065,SITE2,East,N
HCP1020,Yolanda,Gordon,6564561870,Cardiology,lisathompson@marshall-macdonald.com,751-675-0570x1559,SITE22,West,Y
HCP1021,Mark,Jones,7809587556,Pediatrics,jeffrey32@hotmail.com,288.449.1259,SITE6,South,N
HCP1022,Anthony,White,9934943645,Endocrinology,ashley26@hotmail.com,836.004.5335x21414,SITE3,South,N
HCP1023,Amanda,Hernandez,8667576977,Oncology,jacquelinerice@chen-ross.info,166-656-1914x48716,SITE13,North,Y
HCP1024,James,Smith,2098644844,Internal Medicine,meyereugene@watkins.info,245-213-9402,SITE18,East,N
HCP1025,Michael,Lawson,2797357713,Cardiology,santiagorobert@hotmail.com,001-083-237-1626x2689,SITE7,East,N
HCP1026,Mark,Mason,9010911809,Cardiology,phernandez@ortega-keller.com,+1-489-871-2172x33089,SITE9,South,N
HCP1027,Jennifer,Anderson,5170242546,Neurology,dmiller@lewis.net,151.354.2097x249,SITE7,West,Y
HCP1028,Charles,Smith,163918111,Internal Medicine,waltertara@erickson.com,+1-002-817-6417x5257,SITE26,East,Y
HCP1029,Becky,Ramsey,5315827301,Cardiology,conniecoleman@king.com,027.758.8417,SITE9,South,Y
HCP1030,Tara,Gomez,5382422041,Cardiology,mpeterson@morgan.com,169.898.7254,SITE21,West,N
HCP1031,Joel,Warren,5230378575,Pediatrics,tiffany27@dennis.net,(948)181-4298x0271,SITE19,North,N
HCP1032,John,Smith,8456405433,Endocrinology,tracymarshall@jenkins.net,001-689-526-7135,SITE26,East,N
HCP1033,Michelle,Romero,403365497,Pediatrics,xmendoza@hotmail.com,+1-972-529-1429x888,SITE7,East,N
HCP1034,Amy,Burgess,5379782698,Cardiology,wellsjesse@williamson-boyer.info,457-587-0858x962,SITE30,South,N
HCP1035,Rodney,Richardson,7061468306,Oncology,timothy98@yahoo.com,101-137-3530,SITE22,East,N
HCP1036,Adrian,Cobb,249265327,Neurology,lking@yahoo.com,150.298.0721x676,SITE21,North,Y
HCP1037,Hayley,Pitts,8789291803,Internal Medicine,darrellmoore@shaw-zhang.com,(321)639-7927x75548,SITE3,South,Y
HCP1038,Mary,Newman,5495106470,Pediatrics,gblack@hotmail.com,873.606.1710,SITE4,South,N
HCP1039,Robin,Nicholson,6209318168,Cardiology,tinajohnson@gmail.com,9533799389,SITE12,North,N
HCP1040,Laura,Winters,6447526844,Pediatrics,dominiquemartin@gmail.com,5085551125,SITE7,East,Y
HCP1041,Dana,Macdonald,9533868253,Endocrinology,rreynolds@rodriguez.com,(688)996-7377x119,SITE15,East,N
HCP1042,Gerald,Wolfe,176885019,Pediatrics,griffinjoshua@hotmail.com,001-910-012-6613x115,SITE10,East,Y
HCP1043,Leah,Perry,3236508669,Neurology,andrea56@miller.net,001-082-608-3445x193,SITE7,West,N
HCP1044,Gina,Bishop,1667436450,Cardiology,sandra23@gmail.com,+1-708-681-4361,SITE8,North,N
HCP1045,Thomas,Frederick,6231923641,Pediatrics,maxwell87@gmail.com,162.305.4489x353,SITE29,West,N
HCP1046,Norman,Strickland,5652798962,Pediatrics,elizabeth86@roth.com,001-472-156-8648x942,SITE2,East,Y
HCP1047,Steven,Mercado,2278317525,Cardiology,coxjohn@lopez.com,+1-693-731-0453x13384,SITE25,West,Y
HCP1048,Christine,King,4172697093,Cardiology,justinlindsey@sullivan-wiggins.com,(588)489-7881x52013,SITE14,West,N
HCP1049,Scott,Gates,7401916756,Internal Medicine,karen73@hotmail.com,(367)073-2586x151,SITE5,West,Y
HCP1050,Chase,Reynolds,8700173926,Cardiology,fmcdaniel@hotmail.com,213-731-3978x150,SITE23,East,Y
HCP1051,Michael,Gordon,7137241545,Pediatrics,fferguson@byrd-bartlett.com,(160)097-2389,SITE3,West,N
HCP1052,Adam,Ellis,8234687667,Internal Medicine,robinperry@griffin.com,(165)582-2886x894,SITE24,North,Y
HCP1053,Matthew,Alvarez,3107758176,Neurology,jordanchristine@yahoo.com,(347)915-0767,SITE23,West,Y
HCP1054,Nancy,Sloan,491664482,Oncology,woodkatherine@hotmail.com,(986)160-8472,SITE1,South,N
HCP1055,John,Webb,4026369302,Endocrinology,bonnie94@hotmail.com,361.880.8534,SITE21,North,Y
HCP1056,Clinton,Walton,9834119846,Pediatrics,erinreyes@wolfe-price.com,(331)475-3435x7676,SITE7,South,Y
HCP1057,Jessica,Reed,4482536921,Pediatrics,hschroeder@ponce-wu.info,+1-534-643-2106x551,SITE30,South,N
HCP1058,Randy,Mitchell,9619253925,Endocrinology,lawrencethomas@stanton.info,526-854-3404x385,SITE2,South,Y
HCP1059,Dakota,Hicks,7263391848,Cardiology,beverly95@hotmail.com,+1-061-139-9290x7899,SITE19,North,N
HCP1060,Angela,Young,4634891244,Internal Medicine,pparks@reyes.com,897-059-8960,SITE29,South,N
HCP1061,Robert,Marshall,9400021111,Endocrinology,vjennings@yahoo.com,652-672-9917,SITE4,North,Y
HCP1062,Meredith,Finley,9857023159,Neurology,erin90@silva-robertson.com,(934)602-6367,SITE20,North,N
HCP1063,John,Lopez,8112473284,Neurology,craig69@hotmail.com,704.678.3229x211,SITE25,South,Y
HCP1064,Colleen,Rodriguez,5603789108,Cardiology,dianesharp@hotmail.com,4275936065,SITE10,North,Y
HCP1065,John,Phillips,2011121374,Oncology,droberts@gmail.com,783.580.9525x41385,SITE10,South,Y
HCP1066,Christopher,Johnson,2687711840,Pediatrics,laura34@yahoo.com,337-370-3415x62672,SITE27,West,N
HCP1067,Douglas,Schroeder,4636694786,Endocrinology,jamessanchez@gmail.com,622-797-4061,SITE26,East,Y
HCP1068,Richard,Howard,6523918374,Endocrinology,nicholas68@hotmail.com,(130)028-1771,SITE10,West,Y
HCP1069,Derek,Mckee,1016618876,Neurology,vanessawells@gonzales-wang.com,001-658-396-8765x610,SITE8,South,N
HCP1070,Terri,Thompson,9583717585,Endocrinology,robertmiller@gmail.com,0787592121,SITE20,South,N
HCP1071,Kimberly,Garrett,6646273619,Neurology,stephenssarah@yahoo.com,2264965460,SITE16,South,N
HCP1072,Eric,Lloyd,6143165434,Cardiology,icraig@gmail.com,(820)491-5921x354,SITE25,South,N
HCP1073,Pamela,Richardson,1131407846,Cardiology,kimberly69@young-lara.com,014-291-8993x34910,SITE8,East,N
HCP1074,Elaine,Lozano,4129497888,Cardiology,perkinsdavid@johns.net,(730)752-1707,SITE25,West,Y
HCP1075,Lisa,Cooper,3659175749,Oncology,vrogers@king.com,383.193.7066,SITE19,East,N
HCP1076,Ashley,Goodman,1020846288,Internal Medicine,martinmichelle@hotmail.com,+1-578-570-5066x62609,SITE30,East,Y
HCP1077,Rebecca,Miller,7022354185,Neurology,robert50@hotmail.com,001-065-500-4234x326,SITE22,East,Y
HCP1078,James,Dunlap,8817017038,Endocrinology,ptaylor@yahoo.com,447.402.8127x875,SITE22,North,N
HCP1079,Joseph,Ray,4490274793,Neurology,dyu@howe-robertson.com,(928)505-9442,SITE28,North,N
HCP1080,Peter,Hill,8338591348,Cardiology,reginald53@yahoo.com,480.778.0335x503,SITE12,North,Y
HCP1081,Jonathan,Jones,9344671759,Cardiology,robinreid@cruz.net,(846)961-6037x0974,SITE13,South,N
HCP1082,Bruce,Rhodes,990458217,Neurology,qoconnell@yahoo.com,849.213.5055x859,SITE27,North,Y
HCP1083,Gary,Daniels,8138160106,Neurology,lgrant@charles.com,1117169735,SITE23,West,N
HCP1084,Julie,Butler,703176729,Oncology,halljacqueline@hotmail.com,(868)604-3803x7860,SITE27,South,N
HCP1085,Thomas,Cordova,7029991562,Neurology,yhernandez@gmail.com,967.624.2944x8232,SITE5,South,N
HCP1086,Brad,Le,8718509108,Oncology,tarakirby@yahoo.com,2560831430,SITE30,South,N
HCP1087,James,Alexander,3355102191,Internal Medicine,smithmaurice@gmail.com,(089)444-9459x784,SITE2,North,Y
HCP1088,Jacob,Grant,3564476760,Pediatrics,brookepowell@bailey.org,001-238-331-1194,SITE23,North,N
HCP1089,Audrey,Solis,8814996409,Oncology,ithomas@cooper.com,604-940-8976x70763,SITE15,East,N
HCP1090,Michael,Smith,4341756632,Endocrinology,patrick62@gilbert.info,793-115-7010,SITE12,West,Y
HCP1091,Sarah,Pitts,9574055639,Endocrinology,gallowaywilliam@hotmail.com,001-012-602-1380x29994,SITE25,West,Y
HCP1092,Jennifer,Campbell,1194314791,Neurology,james65@yahoo.com,704-056-3583x553,SITE4,West,Y
HCP1093,John,Smith,9134600313,Internal Medicine,robertjackson@barrett-houston.com,400.181.1940x809,SITE2,West,N
HCP1094,Jerry,Murphy,8601100741,Oncology,edward61@taylor-hughes.biz,740-528-7037x74310,SITE27,West,Y
HCP1095,Joseph,Johnson,1203692618,Cardiology,gbarker@cannon.biz,+1-592-241-4200x46363,SITE18,South,N
HCP1096,John,Bradley,9132079575,Pediatrics,pmontoya@gmail.com,+1-334-167-2015,SITE14,South,Y
HCP1097,Sarah,Conway,485640015,Oncology,brandy48@yahoo.com,+1-210-355-0920x99055,SITE24,North,Y
HCP1098,Jose,Russell,7005154671,Endocrinology,justinbell@yahoo.com,703.053.8926x889,SITE9,South,Y
HCP1099,Ashley,Shaffer,7851785427,Internal Medicine,brettgordon@gmail.com,001-041-481-7867x080,SITE24,East,Y
HCP1100,Kyle,Franklin,2631023417,Internal Medicine,vbrown@yahoo.com,(790)054-9292,SITE19,North,Y
HCP1101,Megan,Warner,3077340404,Endocrinology,rogerssean@gmail.com,034-430-4874x769,SITE2,South,N
HCP1102,Denise,Bernard,6491706404,Cardiology,lawrencegilmore@kelly.org,254.420.6429x0446,SITE20,South,N
HCP1103,Jonathan,Pearson,2300468234,Neurology,cfarmer@gmail.com,001-299-651-8134x991,SITE10,South,Y
HCP1104,Trevor,Lewis,8278885423,Endocrinology,renee46@gmail.com,+1-819-245-6621x90549,SITE6,West,N
HCP1105,Nicole,Wagner,7180106245,Neurology,patriciasmith@yahoo.com,001-756-527-7833x472,SITE26,North,Y
HCP1106,Joyce,Anderson,1705341511,Oncology,schroederlawrence@manning-peterson.net,022.073.4128x17121,SITE26,North,N
HCP1107,Joseph,Goodman,2033004279,Endocrinology,danalopez@hotmail.com,8460374634,SITE22,North,Y
HCP1108,Joy,Martinez,2312745691,Oncology,tliu@james.com,001-521-437-0239x7109,SITE2,South,N
HCP1109,Jessica,Shaw,5995856790,Endocrinology,esteslauren@hotmail.com,703-748-4838x497,SITE30,South,N
HCP1110,Cassandra,Miller,5674495256,Endocrinology,nrichardson@gmail.com,8946761795,SITE21,South,N
HCP1111,Sarah,Ortiz,8215954393,Endocrinology,luisfuller@yahoo.com,358.568.9995,SITE25,East,N
HCP1112,Leah,Williams,4721997811,Pediatrics,corey42@gmail.com,(158)720-2968x218,SITE13,East,Y
HCP1113,Betty,Johnson,2456702896,Internal Medicine,erandolph@fitzgerald.biz,823.753.5986,SITE10,East,N
HCP1114,Angela,Torres,4845537257,Internal Medicine,housealison@gregory.org,+1-576-660-3469x101,SITE14,South,Y
HCP1115,Brittany,Smith,4576915146,Pediatrics,mirandanielsen@glass-martin.info,+1-132-723-3856x03895,SITE1,West,Y
HCP1116,Shari,Pruitt,9719760199,Internal Medicine,mckinneymaria@yahoo.com,(921)878-5825x485,SITE14,South,N
HCP1117,George,Brewer,3444222940,Endocrinology,william93@weaver.com,(645)556-9214,SITE15,West,Y
HCP1118,Emily,Edwards,1683563761,Endocrinology,andrew74@gmail.com,(240)944-2168x065,SITE4,North,N
HCP1119,Reginald,Lee,150809250,Pediatrics,matthewkim@cox.net,+1-709-891-3624x5904,SITE26,West,Y
HCP1120,Kelly,Matthews,9615899929,Oncology,syoung@yahoo.com,001-127-484-7331x30782,SITE6,South,N
HCP1121,Todd,Andersen,2526614094,Cardiology,seanburns@hood-cox.info,+1-978-730-9086x23186,SITE30,East,Y
HCP1122,Colin,Schultz,8594083809,Pediatrics,imyers@gmail.com,106.132.6470x3775,SITE6,South,N
HCP1123,Anthony,Smith,7494302806,Cardiology,watsonallison@yahoo.com,+1-181-630-7103x06567,SITE6,North,N
HCP1124,Jeffrey,Barber,978763318,Oncology,thomasross@hotmail.com,+1-314-526-4915x01004,SITE23,South,N
HCP1125,Allen,Pierce,3437175388,Pediatrics,solomondakota@gonzales.net,+1-615-260-0462x29799,SITE5,South,N
HCP1126,Ryan,Hayes,7960349046,Endocrinology,garciajordan@mercer.com,027.660.4218x7160,SITE1,West,N
HCP1127,David,Baker,1193152471,Pediatrics,jacksontammy@gmail.com,001-761-361-7475x6459,SITE22,South,N
HCP1128,Jade,Bell,8155531247,Neurology,thicks@gilbert.org,196.597.1149,SITE11,North,N
HCP1129,Jennifer,Rivera,4084320559,Pediatrics,monica62@hotmail.com,845-612-4655x1008,SITE15,East,Y
HCP1130,Sydney,Gross,5410204159,Pediatrics,angelasolis@miller-miller.com,913.522.0126x72608,SITE21,East,N
HCP1131,Jasmin,Taylor,1409278790,Cardiology,tylersmith@bush.biz,001-422-684-8665x5388,SITE26,North,N
HCP1132,Jessica,Coleman,3359879721,Oncology,jhudson@ross-howell.info,205-335-6147,SITE19,East,Y
HCP1133,Jennifer,Hernandez,9151427304,Cardiology,mooredavid@hotmail.com,035.269.6285,SITE3,West,N
HCP1134,Leah,Cuevas,3502617013,Oncology,kellyfox@riddle-garza.com,001-119-625-9020x12063,SITE8,East,Y
HCP1135,Nicole,Travis,6214384150,Endocrinology,stephanieclements@gmail.com,607-668-5925x98771,SITE27,South,Y
HCP1136,Jacqueline,Griffin,4840011480,Internal Medicine,wpage@reyes-diaz.com,001-451-962-9675x096,SITE17,East,N
HCP1137,Laura,Wilkins,6063011474,Internal Medicine,hannah76@jones.com,846.199.5382x0698,SITE4,South,N
HCP1138,Joshua,Stafford,3669398898,Pediatrics,james82@gmail.com,429.065.6962,SITE20,North,Y
HCP1139,Stephanie,Peterson,2794142287,Internal Medicine,wardmegan@hotmail.com,001-386-364-7937x2009,SITE14,East,N
HCP1140,Stephen,Miller,4245216974,Oncology,rgonzalez@gmail.com,001-419-090-2159x9524,SITE19,East,Y
HCP1141,Alexander,Austin,1152270634,Neurology,wnguyen@cox.org,725-424-6501x99189,SITE22,South,N
HCP1142,Andrea,Williams,1662821083,Cardiology,gillmargaret@dunlap-patterson.biz,+1-547-397-3738x953,SITE1,East,N
HCP1143,Emily,Perry,119215191,Endocrinology,charles27@may.com,(268)737-8965,SITE8,East,Y
HCP1144,Jason,Johnson,1751754592,Cardiology,woodsashley@sawyer.com,+1-790-244-0017,SITE22,East,Y
HCP1145,Jeffrey,Mcguire,9385311804,Oncology,larry64@yahoo.com,414-469-0586,SITE18,East,Y
HCP1146,Dakota,Adams,5663011712,Oncology,pam37@nelson.com,+1-637-015-6225x18679,SITE1,South,Y
HCP1147,Kathryn,Johnson,5722335928,Pediatrics,terrisantos@lynch.com,+1-624-652-5278x245,SITE2,North,N
HCP1148,Samuel,Anderson,3642734843,Pediatrics,jray@fox.org,+1-750-775-5179x82629,SITE19,West,Y
HCP1149,Tina,Huffman,3984679765,Neurology,rachel92@franco-tanner.biz,453.488.9555x44503,SITE11,North,N
HCP1150,Angela,Brown,5604422056,Neurology,paul18@anthony.com,284.515.8078,SITE13,East,N
HCP1151,Kayla,Goodwin,9979323197,Cardiology,justin37@hanson.org,+1-488-304-9761x0291,SITE19,North,N
HCP1152,Brandon,Watson,6655030084,Oncology,nathan04@lopez.com,+1-040-772-6677x1690,SITE18,West,Y
HCP1153,Felicia,George,7376456766,Neurology,smithryan@clarke.com,(595)466-2147x666,SITE7,South,Y
HCP1154,Sean,Jimenez,6049272960,Endocrinology,tracyvilla@hotmail.com,807-567-5074,SITE16,South,Y
HCP1155,Nancy,Roberts,8173229275,Cardiology,matthew69@hotmail.com,(213)568-1524,SITE17,South,N
HCP1156,Sonya,Evans,9581458542,Endocrinology,ramosdenise@gmail.com,616-602-0051,SITE24,West,N
HCP1157,Jeffrey,Smith,842561693,Cardiology,michele18@spence.com,090.269.1110,SITE29,South,N
HCP1158,Evan,Cabrera,8894371728,Oncology,navarroalan@gmail.com,(267)965-8969x8511,SITE28,South,Y
HCP1159,Geoffrey,Lopez,869023204,Endocrinology,matthewthompson@kelley.com,+1-751-898-8814x05346,SITE22,East,Y
HCP1160,Dale,Anderson,6882055638,Pediatrics,agibbs@hotmail.com,(805)992-0858,SITE23,South,N
HCP1161,Julie,Haney,7566150553,Internal Medicine,lewismichael@flores.com,819-239-8156,SITE24,North,N
HCP1162,Robin,Long,5965061848,Cardiology,dgreen@young-mccann.net,001-560-363-1999x75044,SITE22,South,N
HCP1163,Michael,Williams,5437550464,Pediatrics,jessica09@jones.net,(951)413-5680x4744,SITE17,North,Y
HCP1164,Matthew,Hill,8593407766,Endocrinology,jamieherrera@hancock.net,560-391-1463x0682,SITE7,West,Y
HCP1165,Elizabeth,Hall,3866382721,Pediatrics,vjones@yahoo.com,5366210404,SITE13,South,N
HCP1166,Matthew,Clay,6033141613,Endocrinology,frankjohnson@charles.info,992-602-4268,SITE13,East,Y
HCP1167,Carlos,Miller,2965835831,Cardiology,frazierkelly@yahoo.com,474.371.7999x5945,SITE17,North,N
HCP1168,Denise,Hood,1011771936,Endocrinology,jilllewis@hotmail.com,001-278-441-7326,SITE18,West,Y
HCP1169,James,Thomas,3097035026,Pediatrics,barbararodriguez@mcclure.com,001-105-110-2233x534,SITE24,East,N
HCP1170,Jonathan,Cowan,9942881067,Pediatrics,adam62@choi.biz,001-141-361-1329x32849,SITE4,South,Y
HCP1171,Sandra,Andrews,3153590243,Pediatrics,thicks@scott.biz,6119473386,SITE15,South,Y
HCP1172,Patrick,Herring,5249769379,Pediatrics,davidpotts@hotmail.com,001-897-044-7192,SITE8,North,Y
HCP1173,James,Nguyen,2949096791,Endocrinology,williebond@pena.com,+1-934-188-1191,SITE10,South,N
HCP1174,Dustin,Price,4746691181,Endocrinology,qjones@medina-peterson.info,763.093.6206,SITE16,North,Y
HCP1175,Brandon,Hernandez,4116220313,Cardiology,hoffmanmichael@yahoo.com,+1-117-930-1324,SITE21,South,Y
HCP1176,Jessica,Buchanan,7852045293,Neurology,dianapatrick@yahoo.com,(496)713-6544x741,SITE28,West,Y
HCP1177,Deborah,Cantrell,1961107396,Pediatrics,jenniferthornton@hotmail.com,+1-060-486-5191x7705,SITE28,East,Y
HCP1178,Michelle,Reyes,1277052930,Endocrinology,vward@hull-brown.org,773.068.7106x0540,SITE11,East,Y
HCP1179,Brent,Page,859955429,Cardiology,julia51@gmail.com,(682)856-9547x8709,SITE20,West,Y
HCP1180,Dominic,Velasquez,5941417600,Oncology,nlopez@gmail.com,+1-991-760-7858,SITE20,North,Y
HCP1181,Brian,Kelly,8442328124,Cardiology,sarahcollins@hotmail.com,(989)414-9626,SITE4,North,Y
HCP1182,Steven,Jenkins,9944052902,Endocrinology,jonesanthony@yahoo.com,6350535975,SITE21,West,N
HCP1183,Tyler,Riley,6985520723,Pediatrics,maria61@gmail.com,(028)734-6066x69574,SITE2,North,Y
HCP1184,Lisa,Humphrey,1476938638,Pediatrics,friley@hotmail.com,937.817.2765,SITE18,North,N
HCP1185,Theresa,Powell,7653540853,Neurology,xbryant@gilmore.com,001-470-524-8297x20819,SITE21,East,Y
HCP1186,Rodney,Cook,7889681554,Neurology,pearsonjody@hotmail.com,(251)055-9847,SITE11,South,N
HCP1187,Vanessa,Garner,5117768649,Neurology,kenneth21@yahoo.com,(439)838-5158x91450,SITE19,South,N
HCP1188,Randall,Smith,6497236058,Internal Medicine,tstone@yahoo.com,(699)474-1540,SITE5,South,N
HCP1189,Lisa,Mcconnell,4387458342,Neurology,douglasjackson@hotmail.com,786.941.7769,SITE24,East,Y
HCP1190,Kenneth,Davidson,7942497371,Internal Medicine,deborahcross@yahoo.com,+1-704-945-4975x8209,SITE21,South,Y
HCP1191,Crystal,Smith,6867623842,Cardiology,toddpeterson@gmail.com,001-423-818-3046x06021,SITE6,West,N
HCP1192,Joseph,Young,8908060053,Oncology,edwardtorres@hotmail.com,3589962830,SITE18,East,Y
HCP1193,Ryan,Mitchell,9206561148,Neurology,joseph41@bowen.com,(465)375-3397x83192,SITE9,East,N
HCP1194,Nicholas,Fuentes,6434208502,Oncology,angel84@hotmail.com,(592)522-8399x729,SITE14,South,N
HCP1195,Philip,Davenport,3217862253,Oncology,roysmith@meyers-chaney.com,(308)069-2418x141,SITE7,East,Y
HCP1196,Amanda,Vargas,5174967480,Internal Medicine,brittany50@obrien.com,504.389.5355x675,SITE6,East,Y
HCP1197,Vincent,Daniels,9805827513,Cardiology,amiller@hotmail.com,+1-429-406-6028x9695,SITE14,West,Y
HCP1198,Andrew,Lane,7311531201,Pediatrics,sullivancindy@aguilar-henderson.com,+1-617-208-9528x3729,SITE26,East,N
HCP1199,Chad,Lynch,5540620015,Endocrinology,hgarcia@yahoo.com,481.539.7766,SITE25,North,Y
HCP1200,Paula,Johnson,8050276005,Pediatrics,james97@hotmail.com,(200)138-7391x22405,SITE12,South,N
HCP1201,Daniel,Torres,8598456690,Internal Medicine,howardjo@castillo-morris.biz,001-787-264-4306x528,SITE23,North,N
HCP1202,Ryan,White,840856429,Endocrinology,herrerajames@yahoo.com,462-463-0302,SITE15,North,N
HCP1203,Ariel,Reynolds,6697509475,Endocrinology,ricejustin@odom-garcia.com,868.635.7853x253,SITE22,West,N
HCP1204,Andrea,Castillo,1949603634,Internal Medicine,coxkristen@klein-scott.com,+1-985-366-6301,SITE3,North,N
HCP1205,William,Jones,5545969501,Pediatrics,travis18@beard.com,+1-742-257-6352x428,SITE5,North,Y
HCP1206,Holly,Edwards,1474304111,Neurology,kathryn51@hotmail.com,(281)291-2294,SITE3,South,Y
HCP1207,Christine,Johnston,1934548574,Oncology,xwilson@hotmail.com,4688297012,SITE9,East,N
HCP1208,David,Beard,8782995367,Cardiology,tyler06@hotmail.com,924-195-7080,SITE8,West,N
HCP1209,David,Pierce,4238279459,Pediatrics,aprilsmith@stark.biz,581.475.2156,SITE14,South,Y
HCP1210,Damon,Wood,3943310604,Oncology,judith21@walker.com,740-726-3757x671,SITE18,West,N
HCP1211,Kimberly,Christensen,174848525,Pediatrics,mward@lewis-ramirez.com,+1-142-893-9028,SITE6,West,N
HCP1212,Justin,Thomas,9603477890,Pediatrics,sarahmcneil@jenkins-gallagher.com,+1-717-093-8565x78981,SITE4,South,N
HCP1213,Jasmine,Robinson,4716015589,Neurology,jonesdavid@yahoo.com,458-463-8454x5807,SITE17,West,Y
HCP1214,Jamie,Arias,6367955626,Cardiology,erin27@yahoo.com,188.214.3699,SITE9,West,N
HCP1215,Timothy,Munoz,9225597343,Oncology,bakerdonald@hotmail.com,811-996-4490x153,SITE28,East,N
HCP1216,Ashley,Russo,524886648,Pediatrics,twaters@green.org,001-933-310-0224x50545,SITE6,East,Y
HCP1217,John,Cruz,7610128135,Pediatrics,clayton14@gmail.com,+1-650-343-2011x5093,SITE30,North,N
HCP1218,Kevin,Williams,3452459266,Endocrinology,dennis40@gmail.com,+1-369-969-6841,SITE20,West,N
HCP1219,Michelle,Heath,25091444,Oncology,clarkmichael@gonzalez.org,(472)978-0331x6528,SITE10,North,Y
HCP1220,Rickey,Barrett,726714926,Neurology,huffmanjessica@yahoo.com,001-802-448-8735x5219,SITE2,South,N
HCP1221,Karen,Moore,2318118457,Oncology,vmcguire@hotmail.com,001-912-855-9028x16094,SITE20,South,N
HCP1222,Jacob,Williams,7077024895,Oncology,julia19@yahoo.com,243.094.4328x3595,SITE29,East,N
HCP1223,Michael,Fuller,9210126322,Neurology,jared35@mccoy.net,001-435-877-3235x553,SITE12,West,Y
HCP1224,Lindsey,Pineda,5234514150,Internal Medicine,twilliams@stewart.net,900.664.6151x73293,SITE12,West,Y
HCP1225,Michael,Kennedy,5103096154,Neurology,taylormurphy@pitts.org,001-999-343-0242x7684,SITE10,East,Y
HCP1226,Erin,Whitehead,6629561930,Internal Medicine,jeffrey42@yahoo.com,+1-706-549-9051,SITE17,West,N
HCP1227,Shelley,Coffey,5851887990,Oncology,michael07@gonzalez.biz,(373)117-6384x849,SITE16,West,Y
HCP1228,Joel,Hale,8344403495,Pediatrics,qcox@hall-rodriguez.org,(364)090-9378x6508,SITE4,North,Y
HCP1229,Stephanie,Gomez,2942909861,Cardiology,jonesnicole@hotmail.com,+1-185-543-5931x0592,SITE8,West,Y
HCP1230,Brandon,Anderson,129713109,Oncology,michaelwilliams@hotmail.com,(102)446-7357,SITE26,South,Y
HCP1231,Chase,White,2106963812,Cardiology,dawn21@burke.com,001-031-975-9315,SITE24,South,Y
HCP1232,Heather,Edwards,1795631225,Endocrinology,christineknight@chan.net,085-740-0844x1341,SITE21,East,N
HCP1233,Carla,Brown,3367336791,Oncology,tonydean@bell.com,001-579-759-9888,SITE29,East,N
HCP1234,Michael,Farley,9171192117,Cardiology,elizabeth11@hotmail.com,842.365.2790x9787,SITE30,East,Y
HCP1235,Jeffrey,Welch,3358780059,Endocrinology,briannawilson@davis.com,001-683-701-9657x591,SITE19,North,N
HCP1236,James,Berger,9965184945,Endocrinology,samuel63@miller-fernandez.com,6498629868,SITE27,North,N
HCP1237,Ralph,Garcia,3418579234,Neurology,diane28@hotmail.com,3733551597,SITE13,South,Y
HCP1238,Monica,Francis,2528670529,Pediatrics,heather31@gmail.com,+1-012-227-9511x08379,SITE7,South,Y
HCP1239,Rachel,Costa,1807739350,Pediatrics,robertbrown@gmail.com,001-222-213-5346x8991,SITE6,East,Y
HCP1240,Heather,Velazquez,8327232561,Oncology,smithtroy@gmail.com,001-835-125-8874x56815,SITE14,South,Y
HCP1241,Christopher,Middleton,5361041997,Cardiology,ryancross@gmail.com,075-573-9139,SITE14,South,N
HCP1242,Melissa,Rios,617916637,Internal Medicine,travismerritt@scott.net,001-577-215-8602x047,SITE21,South,N
HCP1243,Austin,Rodriguez,7788564101,Neurology,johnsonryan@gmail.com,043-728-3247x471,SITE29,East,N
HCP1244,Jacob,Hood,3157412714,Oncology,laura08@gregory-adkins.info,844.304.7880,SITE18,South,N
HCP1245,Gregory,Murphy,7553770370,Oncology,qbennett@hayden-roberts.info,001-004-998-2445x8202,SITE9,West,N
HCP1246,Kylie,Rojas,1238143346,Internal Medicine,brianlee@hotmail.com,048-291-4186,SITE20,South,N
HCP1247,Jeffrey,Tran,5870238608,Endocrinology,mtorres@hotmail.com,720-000-0643x053,SITE14,North,N
HCP1248,Debra,Walker,1900258292,Pediatrics,turnerstephanie@gmail.com,001-682-142-2481,SITE3,West,Y
HCP1249,Alexander,Kaufman,110396975,Cardiology,robert03@hotmail.com,+1-367-743-7483x393,SITE30,East,N
HCP1250,Caleb,Jackson,5426626548,Oncology,wrighthailey@bates-thompson.net,376.304.6440x57371,SITE13,South,N
HCP1251,Tiffany,Lewis,8644598485,Cardiology,michael54@gmail.com,001-808-338-6240,SITE10,South,Y
HCP1252,Heather,Koch,6710618118,Internal Medicine,rbradley@santana.com,141.986.1042x5610,SITE11,South,Y
HCP1253,Matthew,Wade,6957366146,Neurology,hicksstacy@hardin.com,001-387-956-9769x6747,SITE20,South,Y
HCP1254,Matthew,Banks,1847071244,Oncology,johnkelly@moore.com,(796)134-1110,SITE17,East,N
HCP1255,Ashley,Irwin,4786536712,Pediatrics,amy95@hotmail.com,001-237-907-2496x63430,SITE26,South,Y
HCP1256,Vicki,Hobbs,9836787991,Endocrinology,tamilam@yahoo.com,(027)655-7828x66892,SITE5,North,N
HCP1257,Sylvia,Morris,7552552480,Cardiology,justin20@ford-harris.com,(491)610-5781x2344,SITE17,East,N
HCP1258,Kevin,Taylor,3399785807,Oncology,gmartinez@collins-west.biz,757.619.3607,SITE28,North,Y
HCP1259,Jeffrey,James,3900205890,Endocrinology,jessicacastro@downs.com,+1-667-800-8823x18079,SITE12,South,Y
HCP1260,Laurie,Maxwell,4182074724,Internal Medicine,markballard@yahoo.com,+1-028-094-2304,SITE24,South,N
HCP1261,Chad,Acosta,5529253275,Neurology,christinabooker@yahoo.com,+1-728-768-8544x98770,SITE1,North,N
HCP1262,Michael,Garcia,3331679144,Cardiology,lmoran@wilson-barrett.com,(787)362-5276,SITE28,East,N
HCP1263,Edward,Dickson,3483900382,Pediatrics,wardrichard@webb.net,894.628.2413,SITE13,West,N
HCP1264,Ashley,Pierce,2043930940,Endocrinology,lyonsjanet@hotmail.com,001-393-920-6512,SITE27,West,N
HCP1265,Joshua,Simpson,5713848652,Pediatrics,veronicajones@yahoo.com,203-593-6618,SITE24,North,Y
HCP1266,Joseph,Melendez,2169486637,Internal Medicine,john52@keith-macias.com,+1-111-260-4835x021,SITE6,West,N
HCP1267,Erin,Martinez,7444338525,Cardiology,mholloway@barker.com,+1-629-060-4172x53305,SITE6,East,Y
HCP1268,Christopher,Jones,4347474467,Neurology,jgriffith@harrington-lee.com,254-274-0377x67169,SITE13,East,Y
HCP1269,Elizabeth,Juarez,6359488204,Pediatrics,blakehudson@smith.org,887.654.1275x493,SITE24,North,Y
HCP1270,John,Flores,1821926437,Pediatrics,warnermatthew@mclaughlin.biz,821-157-4163,SITE3,South,N
HCP1271,Daniel,Hall,3537596999,Pediatrics,hardyseth@hernandez.com,798-615-3878x2135,SITE25,West,Y
HCP1272,Adam,Tran,8941852686,Endocrinology,lewismichelle@gmail.com,001-709-278-1573x0061,SITE3,North,N
HCP1273,Angela,Rogers,1600634636,Endocrinology,mcconnellsteve@hotmail.com,863-497-9356,SITE14,North,Y
HCP1274,Anthony,Martin,4785031226,Oncology,mary68@roberts-mayer.net,335.751.8167x860,SITE18,East,N
HCP1275,Joseph,Larsen,7585450613,Endocrinology,adrianalamb@giles.com,+1-865-637-1489x22410,SITE3,South,Y
HCP1276,Kelly,Wilson,8858987212,Internal Medicine,ashleywilson@bailey.biz,(578)753-9096x648,SITE23,North,Y
HCP1277,Ashley,Carroll,5474450940,Neurology,christopher85@price-mcconnell.com,643-251-4144x431,SITE21,North,Y
HCP1278,David,Mclaughlin,3642448411,Oncology,kaylatrevino@graves-wood.com,850.284.9881,SITE10,East,Y
HCP1279,Rebecca,Jordan,5753416840,Internal Medicine,hjones@burgess.biz,+1-441-658-9051,SITE8,North,N
HCP1280,Justin,Ellison,3433836595,Neurology,xjones@friedman.org,001-619-648-8737x97586,SITE1,East,N
HCP1281,Benjamin,Davis,7470138502,Endocrinology,jenkinsroy@yahoo.com,612.924.3713,SITE5,South,Y
HCP1282,Travis,Murray,6171137350,Internal Medicine,phicks@martinez-carney.com,6543764615,SITE24,West,Y
HCP1283,Christina,Chapman,7227206614,Internal Medicine,susanhowe@anderson-grant.biz,001-068-636-8723,SITE13,North,N
HCP1284,Cynthia,Gill,1666777487,Endocrinology,zdavis@hendrix.com,6218644226,SITE21,West,Y
HCP1285,Teresa,Hunt,3599823665,Neurology,trobertson@hotmail.com,001-092-977-0051x9601,SITE11,East,N
HCP1286,Amanda,Compton,1033410095,Oncology,jondunn@peterson.com,(776)196-0855,SITE30,West,N
HCP1287,Colton,Gross,566503526,Oncology,aaronfreeman@simpson.org,+1-109-602-8394x63533,SITE21,West,Y
HCP1288,Joshua,Macdonald,9639178142,Neurology,nskinner@hotmail.com,391-397-8362x3670,SITE25,North,N
HCP1289,Amanda,Tate,4946555663,Endocrinology,danny16@meyer.org,663.022.4445x012,SITE8,North,N
HCP1290,Mary,Miller,15438216,Oncology,munozcourtney@stone.biz,(973)916-5194,SITE9,South,N
HCP1291,Barbara,Underwood,1185245726,Endocrinology,lalexander@fowler.com,816.997.5982x199,SITE13,North,N
HCP1292,Lance,Hall,2174389354,Oncology,scottbrandi@gmail.com,044.507.8725x986,SITE17,North,N
HCP1293,David,Thomas,111569176,Pediatrics,sandra80@norton.com,270-986-6394x146,SITE26,West,Y
HCP1294,Isaiah,Meadows,509867973,Oncology,michael83@yahoo.com,+1-207-883-4307x2769,SITE11,North,N
HCP1295,Elizabeth,Daniel,5133417321,Pediatrics,brownlisa@hotmail.com,+1-106-622-8736x81855,SITE10,West,Y
HCP1296,Crystal,Lester,2087019455,Cardiology,judithflores@hotmail.com,+1-382-173-6886x36185,SITE11,West,N
HCP1297,Latoya,Alexander,8624959993,Oncology,johnstonjonathan@gmail.com,664.934.1710x717,SITE18,East,Y
HCP1298,Joshua,Lawrence,2100097355,Neurology,moyermary@gmail.com,001-734-068-7491x86997,SITE1,West,Y
HCP1299,Jesse,Gray,9947274908,Cardiology,robert53@hotmail.com,+1-026-534-3046,SITE17,North,Y
